county,year,crmrte,prbarr,prbconv,prbpris,polpc,density,wtrd,wser,wmfg
1,81,0.0398849,0.289696,0.402062,0.472222,0.0017868,2.307159,182.333,215.7335,229.12
1,82,0.0383449,0.338111,0.433005,0.506993,0.0017666,2.330254,189.5414,231.5767,240.33
1,83,0.0303048,0.330449,0.525703,0.479705,0.0018358,2.341801,196.6395,240.1568,269.7
1,84,0.0347259,0.362525,0.604706,0.520104,0.0018859,2.34642,200.5629,252.4477,281.74
1,85,0.036573,0.325395,0.578723,0.497059,0.0019244,2.364896,206.8827,261.0861,298.88
1,86,0.0347524,0.326062,0.512324,0.439863,0.0018952,2.385681,218.5165,269.6129,322.65
1,87,0.0356036,0.29827,0.527596,0.43617,0.0018279,2.422633,221.2701,274.1775,334.54
3,81,0.0163921,0.202899,0.869048,0.465753,0.0005939,0.976834,151.4234,191.3742,210.75
3,82,0.0190651,0.162218,0.772152,0.377049,0.0007047,0.992278,156.8826,208.819,217.77
3,83,0.0151492,0.181586,1.02817,0.438356,0.0006587,1.003861,157.1295,219.0847,236.64
3,84,0.0136621,0.194986,0.885714,0.5,0.0006089,1.015444,162.2665,228.5922,255.22
3,85,0.0120346,0.206897,0.909091,0.366667,0.0006413,1.030888,173.1681,257.655,262.06
3,86,0.0129982,0.156069,1.03704,0.392857,0.0006762,1.034749,181.6732,228.1617,279.38
3,87,0.0152532,0.132029,1.48148,0.45,0.0007459,1.046332,196.0101,192.3077,300.38
5,81,0.0093372,0.406593,0.27027,0.5,0.0008209,0.4127659,143.5132,158.2278,157.24
5,82,0.0123229,0.38,0.736842,0.392857,0.0013555,0.4170213,160.7526,166.7064,164.62
5,83,0.0128064,0.561905,0.559322,0.272727,0.0013416,0.4170213,165.9508,174.8252,178.17
5,84,0.0138299,0.666667,0.447368,0.411765,0.0013345,0.4170213,167.2241,180.9955,192.17
5,85,0.0124753,0.60396,0.180328,0.545455,0.0014822,0.4127659,200.157,190.6257,192.6
5,86,0.0142385,0.695652,0.270833,0.269231,0.001135,0.4127659,215.416,196.3502,216.69
5,87,0.0129603,0.444444,0.267857,0.6,0.0012343,0.4127659,229.3209,209.6972,237.65
7,81,0.0219159,0.431095,0.627049,0.431373,0.0014327,0.4821764,174.2457,208.4636,215.57
7,82,0.0173807,0.612335,0.582734,0.37037,0.0014165,0.4878049,181.7081,239.6713,219.56
7,83,0.024211,0.419405,0.787313,0.236967,0.0014398,0.489681,187.2412,245.262,231.09
7,84,0.0223434,0.412458,0.497959,0.442623,0.0015046,0.4915572,187.7682,267.3797,247.55
7,85,0.0245848,0.380655,0.381148,0.483871,0.0015341,0.4934334,196.3563,279.7203,253.55
7,86,0.0241281,0.308057,0.615385,0.483333,0.0014103,0.4934334,197.0366,259.6154,275.95
7,87,0.0267532,0.36476,0.525424,0.435484,0.0015299,0.4915572,191.172,256.7214,281.8
9,81,0.0075178,0.631579,0.555556,0.383333,0.0008353,0.5305164,152.7354,178.7785,202.04
9,82,0.0087368,0.567164,0.640351,0.356164,0.0007389,0.5352113,149.326,180.5706,204.66
9,83,0.0136804,0.377358,0.525,0.428571,0.0008604,0.5399061,152.6829,184.8266,235.73
9,84,0.0143262,0.41018,0.664234,0.395604,0.0009007,0.544601,177.8069,208.0251,245.88
9,85,0.0133173,0.393548,0.622951,0.407895,0.0009021,0.5492958,194.7082,216.0761,265.99
9,86,0.0114417,0.462687,0.596774,0.445946,0.0008539,0.544601,202.1696,219.7802,277.15
9,87,0.0106232,0.518219,0.476563,0.442623,0.0008602,0.5469484,206.8215,215.1933,290.89
11,81,0.0188472,0.36965,0.557895,0.226415,0.0019067,0.5910931,150.5835,176.5392,187.2
11,82,0.0198536,0.425856,0.196429,0.363636,0.0013588,0.5951417,158.7005,197.6682,173.32
11,83,0.0191668,0.354244,0.354167,0.323529,0.0019803,0.5991903,169.1857,203.7912,199.88
11,84,0.0168042,0.446429,0.21,0.380952,0.0025506,0.6072875,169.3902,209.1609,212.34
11,85,0.0141194,0.530806,0.455357,0.27451,0.0024759,0.6072875,181.2447,224.2694,205.47
11,86,0.0170081,0.401544,0.211538,0.363636,0.0028238,0.6072875,183.38,217.8042,207.1
11,87,0.0146067,0.524664,0.0683761,0.5,0.002882,0.6113361,187.8255,237.1507,258.6
13,81,0.0300493,0.319665,0.481675,0.5,0.001207,0.4975787,172.9289,182.9082,214.93
13,82,0.0363259,0.332885,0.430303,0.497653,0.0013436,0.5048426,172.4643,198.3213,221.54
13,83,0.0325271,0.326021,0.491879,0.485849,0.0014763,0.5096852,178.4231,208.4831,240.26
13,84,0.0301272,0.302176,0.522667,0.423469,0.0012138,0.5145279,184.9458,223.8502,262.75
13,85,0.0349786,0.298962,0.381944,0.454545,0.0013556,0.5242131,192.8121,231.761,270.01
13,86,0.033536,0.309206,0.522727,0.430435,0.0012726,0.5169492,280.4174,243.3984,287.42
13,87,0.0296409,0.365004,0.520607,0.420833,0.0013377,0.5169492,205.5358,259.3391,303.42
15,81,0.0168055,0.453258,0.575,0.48913,0.0009521,0.3009986,164.6214,169.6833,183.17
15,82,0.0200047,0.444706,0.37037,0.442857,0.0008473,0.3024251,179.1843,188.3426,200.53
15,83,0.0142092,0.383607,0.820513,0.604167,0.0008852,0.3052782,178.2224,182.7358,207.67
15,84,0.016346,0.345714,0.487603,0.457627,0.0009341,0.3038516,181.0969,167.8877,211.47
15,85,0.0160135,0.423977,0.565517,0.47561,0.0008896,0.3052782,193.818,172.3187,217.01
15,86,0.0194461,0.419277,0.626437,0.412844,0.0009372,0.3024251,203.8511,210.6551,231.28
15,87,0.0202814,0.392111,0.769231,0.507692,0.0010353,0.3009986,199.2377,206.2816,235.05
17,81,0.0186469,0.483986,0.463235,0.460317,0.0013272,0.3492605,178.4642,161.216,235.61
17,82,0.0211586,0.420155,0.476015,0.387597,0.001345,0.3492605,173.3922,162.1529,255.62
17,83,0.0202915,0.3632,0.546256,0.427419,0.0012987,0.3481229,172.2408,182.2645,283.19
17,84,0.0179276,0.422383,0.581197,0.404412,0.0012621,0.3503982,185.4396,196.1538,297.23
17,85,0.0196959,0.464463,0.30605,0.453488,0.0013673,0.3503982,190.5012,201.8889,290.7
17,86,0.0185879,0.395257,0.62,0.395161,0.0014327,0.3503982,200.6549,200.9185,307.96
17,87,0.0304289,0.251599,0.436441,0.436893,0.0012976,0.3503982,202.9595,208.252,339.76
19,81,0.0225338,0.326196,0.505792,0.40458,0.0019298,0.4337209,144.7477,174.047,419.46
19,82,0.0183782,0.189313,1.12903,0.435714,0.001936,0.4534884,139.9941,194.1957,428.16
19,83,0.0145267,0.232283,0.855932,0.356436,0.0021733,0.4767442,151.6695,218.4867,477.16
19,84,0.013686,0.217308,1.04425,0.457627,0.0019476,0.5046512,158.0218,223.524,492.51
19,85,0.0128511,0.291667,1.22078,0.356383,0.0018741,0.5302325,162.2066,221.6631,517.63
19,86,0.0174337,0.244819,0.84127,0.36478,0.001784,0.555814,165.664,246.4475,533.83
19,87,0.0221567,0.16286,1.22561,0.333333,0.0020243,0.5767442,191.2452,266.0934,567.06
21,81,0.0350348,0.262854,0.291417,0.541096,0.0018014,2.461305,183.7432,217.2891,275.75
21,82,0.0367896,0.240573,0.297741,0.565517,0.0017689,2.485584,197.0567,237.9542,293.62
21,83,0.0366069,0.245824,0.307129,0.611714,0.0016787,2.497724,202.762,251.2563,311.46
21,84,0.0384395,0.250543,0.296778,0.559499,0.0017722,2.52352,207.6434,267.4396,333.59
21,85,0.0413296,0.258131,0.272985,0.469854,0.0019133,2.555387,217.641,283.1928,344.25
21,86,0.0441642,0.248385,0.288191,0.413534,0.0018719,2.579666,219.643,290.3056,366.11
21,87,0.0437355,0.23476,0.334701,0.429072,0.0018296,2.602428,228.174,318.3635,378.9
23,81,0.0319175,0.194303,0.28884,0.439394,0.0014249,1.452381,165.6805,221.4906,243.14
23,82,0.0290211,0.286639,0.277419,0.47093,0.0013685,1.470238,179.2207,236.5089,251.49
23,83,0.0286164,0.280522,0.307309,0.356757,0.0013735,1.468254,181.1462,250.2587,283.08
23,84,0.02755,0.334615,0.310345,0.393519,0.0013643,1.484127,195.5186,269.192,300.1
23,85,0.0293095,0.287442,0.294498,0.472527,0.0014041,1.501984,197.8607,282.3159,303.81
23,86,0.0256248,0.304577,0.322971,0.385027,0.0013884,1.507936,201.4156,293.7572,313.04
23,87,0.0269836,0.289121,0.40378,0.365957,0.0014611,1.511905,213.184,315.0242,327.45
25,81,0.0360686,0.255969,0.458955,0.617886,0.0015847,2.406593,176.687,218.8219,224.94
25,82,0.0370917,0.256811,0.43385,0.626374,0.0016122,2.450549,194.6381,245.4318,225.55
25,83,0.0312138,0.291217,0.372064,0.598007,0.0016854,2.478022,191.1698,258.4343,271.96
25,84,0.029444,0.277323,0.41555,0.554839,0.0016528,2.510989,204.8394,271.6023,284.02
25,85,0.0305075,0.282043,0.453287,0.544529,0.0016077,2.532967,204.2759,283.324,287.64
25,86,0.0319331,0.301602,0.320735,0.493631,0.0018003,2.546703,211.1572,297.7125,322.65
25,87,0.0302542,0.323548,0.40678,0.492647,0.0019714,2.574176,220.5897,318.0335,355.59
27,81,0.0353349,0.26433,0.230889,0.547297,0.0013843,1.44586,173.4647,209.9971,215.75
27,82,0.0371544,0.303606,0.206897,0.364198,0.0013686,1.447983,183.6174,223.5665,219.97
27,83,0.0294409,0.244152,0.40519,0.433498,0.0014347,1.43949,189.8921,237.8754,251.63
27,84,0.0300368,0.247358,0.339806,0.4,0.0014427,1.464968,204.7664,251.427,262.51
27,85,0.0355283,0.221862,0.357664,0.505102,0.001424,1.492569,205.1357,256.4711,268.48
27,86,0.0366744,0.217357,0.316547,0.397727,0.0013907,1.488323,203.4225,268.8827,295.08
27,87,0.0382489,0.268018,0.352941,0.321429,0.0014501,1.498938,213.462,292.3517,309.27
33,81,0.020039,0.484561,0.303922,0.5,0.0006188,0.4953271,162.6131,174.8252,237.59
33,82,0.0144477,0.485342,0.47651,0.478873,0.0006589,0.5046729,165.0402,192.3077,212.16
33,83,0.0161148,0.248555,0.872093,0.52,0.000652,0.5093458,176.9231,184.6154,279.95
33,84,0.0141497,0.259615,0.938272,0.421053,0.0005442,0.5163552,189.9335,189.3939,286.18
33,85,0.0153797,0.21791,1.30137,0.484211,0.0007805,0.5233645,179.3915,190.9438,268.36
33,86,0.0153723,0.255072,1.04545,0.413043,0.000802,0.5257009,186.5672,187.3127,295.88
33,87,0.0159189,0.27095,0.515464,0.48,0.0007559,0.5257009,195.1995,172.4733,324.45
35,81,0.0414138,0.287653,0.252358,0.53271,0.0017513,2.694444,208.3428,224.0796,243.86
35,82,0.0489555,0.239077,0.234968,0.457912,0.0017501,2.724747,217.3804,240.5594,253.29
35,83,0.0412081,0.285427,0.246672,0.511111,0.0017224,2.760101,229.4109,248.4358,274.65
35,84,0.0404708,0.282276,0.27012,0.39233,0.0017568,2.800505,232.9108,256.5862,291.69
35,85,0.0455489,0.260844,0.299924,0.450633,0.0017862,2.84596,247.0921,277.5946,305.48
35,86,0.0417065,0.252281,0.284272,0.449704,0.0019468,2.883838,255.9265,3.336744,327.03
35,87,0.0408569,0.266026,0.325301,0.37037,0.0018944,2.924242,277.2925,296.8491,341.32
37,81,0.0223026,0.238786,0.712707,0.341085,0.0010886,0.480226,166.8613,160.9624,230.23
37,82,0.0201309,0.325145,0.466667,0.390476,0.0011636,0.4844633,173.8058,172.2853,235.83
37,83,0.0190303,0.30711,0.359606,0.369863,0.0011228,0.4872881,189.4856,176.0253,258.79
37,84,0.0196145,0.303338,0.363636,0.407895,0.0012526,0.4957627,194.6593,191.8666,260.81
37,85,0.0207011,0.371547,0.356877,0.53125,0.0012295,0.5,204.1658,198.866,264.78
37,86,0.0252807,0.336689,0.451827,0.154412,0.0012725,0.5084746,212.3901,209.2576,280.19
37,87,0.0226017,0.321867,0.385496,0.316832,0.001305,0.5127119,227.7858,231.3615,321.9
39,81,0.0158129,0.291803,0.280899,0.4,0.0011406,0.4269912,150.1752,142.5729,196.67
39,82,0.0188128,0.258856,0.357895,0.441176,0.0011277,0.4314159,147.3551,187.8005,194.53
39,83,0.0168941,0.3003,0.43,0.348837,0.0011669,0.4336283,156.9491,174.2491,228.99
39,84,0.0142249,0.299296,0.458824,0.512821,0.0010018,0.4424779,162.2074,225.4406,229.12
39,85,0.0130587,0.286822,0.783784,0.258621,0.0011135,0.4469027,166.6872,222.2652,257.85
39,86,0.0113079,0.20354,1.06522,0.44898,0.0010007,0.449115,168.6468,230.0151,259.2
39,87,0.0119154,0.308333,0.972973,0.291667,0.0011915,0.4623894,180.0634,246.0152,270.78
41,81,0.0365365,0.389247,0.243094,0.659091,0.0017286,0.6923077,218.1464,185.9168,223.07
41,82,0.0304537,0.423469,0.39759,0.560606,0.0017091,0.6923077,210.9959,197.0855,228.89
41,83,0.0220667,0.463415,0.496241,0.333333,0.0017684,0.6978022,189.6491,195.9467,267.35
41,84,0.0158939,0.463415,0.536842,0.45098,0.0017057,0.7142857,203.492,197.0366,277.28
41,85,0.0125242,0.549383,0.651685,0.5,0.0016235,0.7252747,199.4078,208.0373,295.82
41,86,0.0246998,0.332308,0.25,0.555556,0.001748,0.7362638,220.3357,217.2827,322.9
41,87,0.0257713,0.307246,0.45283,0.520833,0.001494,0.7417582,238.5589,232.5916,332.07
45,81,0.0344852,0.21688,0.457735,0.425087,0.0011571,1.790598,192.9485,214.2704,257.31
45,82,0.0319727,0.219476,0.327731,0.533333,0.001144,1.792735,196.4433,241.9727,267.44
45,83,0.0351112,0.229739,0.278426,0.502618,0.0011406,1.790598,201.1279,257.3699,290.78
45,84,0.0376378,0.238544,0.364474,0.516245,0.0011813,1.814103,215.1336,270.2942,304.42
45,85,0.03854,0.215789,0.321377,0.53125,0.0011813,1.84188,224.4259,275.7024,316.28
45,86,0.0312755,0.278193,0.302013,0.56,0.0011912,1.839744,239.8632,285.0656,340.31
45,87,0.0362807,0.202627,0.450567,0.47482,0.0012153,1.844017,248.7759,293.1148,367.42
47,81,0.0319193,0.302526,0.368635,0.458564,0.0019077,0.5501066,165.2859,178.3689,279.08
47,82,0.0305205,0.336927,0.538,0.371747,0.0018921,0.5479744,171.1498,196.4188,300.65
47,83,0.0291268,0.210342,0.647841,0.328205,0.0019336,0.5501066,182.1096,204.9538,322.06
47,84,0.0296451,0.178862,0.579545,0.385621,0.0019081,0.5533049,172.8098,210.4962,338.1
47,85,0.0293452,0.235624,0.625,0.385714,0.0020167,0.5554371,174.3941,206.7213,355.71
47,86,0.031931,0.188847,0.691275,0.34466,0.0019223,0.5575693,185.1121,223.946,367.42
47,87,0.0313623,0.182927,0.763333,0.270742,0.0012813,0.5639659,194.6777,256.4102,355.83
49,81,0.0359381,0.270776,0.309798,0.432558,0.0011919,1.024251,173.2183,231.32,244.39
49,82,0.0361096,0.310412,0.340426,0.408088,0.0013467,1.048502,178.8462,254.3512,264.05
49,83,0.0359286,0.272624,0.315278,0.418502,0.0014829,1.064194,180.354,276.2078,273.17
49,84,0.0319024,0.326141,0.361323,0.40493,0.0015091,1.095578,189.2236,286.964,277.15
49,85,0.030183,0.322888,0.398031,0.392226,0.0015352,1.132668,194.6482,296.5243,308.93
49,86,0.0320147,0.253112,0.462295,0.375887,0.0014745,1.14408,203.7298,290.9879,344.29
49,87,0.0374979,0.26442,0.371879,0.35689,0.0014853,1.14408,212.4851,304.3066,375.32
51,81,0.0630904,0.201316,0.262496,0.481437,0.0014254,3.7793,171.8197,197.2247,301.96
51,82,0.0628671,0.223799,0.257295,0.417666,0.0014883,3.7793,177.5444,212.5034,329.1
51,83,0.060056,0.214351,0.27041,0.417508,0.0014377,3.817352,187.6015,225.5461,362.25
51,84,0.0591762,0.1901,0.322122,0.449946,0.0014549,3.866058,191.9191,236.013,391.47
51,85,0.0712392,0.171519,0.308015,0.413636,0.0016594,3.888889,198.3625,241.9481,398.06
51,86,0.0704214,0.166131,0.275701,0.424939,0.0014956,3.913242,210.371,250.1447,414.08
51,87,0.0883849,0.155248,0.259833,0.407628,0.001908,3.934551,213.7524,257.3344,441.72
53,81,0.0196669,0.252252,1.21429,0.176471,0.0008859,0.4414063,162.9726,160.2564,148.79
53,82,0.0199702,0.184211,0.690476,0.241379,0.0009635,0.4570313,174.8252,203.4024,101.83
53,83,0.0222781,0.217899,0.642857,0.194444,0.0008669,0.4882813,166.9899,183.1502,129.11
53,84,0.0138866,0.228916,0.921053,0.371429,0.0009202,0.5039063,190.5752,186.1042,178.1
53,85,0.0170847,0.159091,1.05714,0.378378,0.0008542,0.5039063,187.2367,226.2443,184.33
53,86,0.0138049,0.337079,0.5,0.333333,0.0009307,0.5234375,200.3205,203.6199,271.81
53,87,0.0140655,0.303191,0.140351,0.25,0.0011222,0.5351563,219.7802,223.8502,250.42
55,81,0.0397498,0.143426,0.944444,0.367647,0.0032465,0.3606138,139.9271,145.2081,206.69
55,82,0.0467392,0.164154,0.561224,0.454545,0.0032882,0.3759591,140.314,150.1556,219.27
55,83,0.0530843,0.134307,0.543478,0.34,0.0033323,0.3913043,142.8617,154.6632,229.12
55,84,0.0504352,0.180501,0.335766,0.26087,0.0029902,0.4143223,153.6227,166.4336,252.83
55,85,0.0635231,0.202885,0.241706,0.490196,0.0036037,0.4424552,152.1637,181.6435,265.83
55,86,0.074755,0.257564,0.253012,0.25,0.0040596,0.4782609,161.9095,202.2074,281.26
55,87,0.0790163,0.224628,0.207831,0.304348,0.0040096,0.5115089,189.7436,221.3903,319.21
57,81,0.0368013,0.205165,0.533487,0.41342,0.0013775,2.087591,179.6187,204.6954,234.72
57,82,0.0312481,0.281931,0.52544,0.376164,0.0013448,2.104015,185.3762,212.6351,237.27
57,83,0.0290823,0.275154,0.47548,0.376682,0.0013052,2.114964,195.3562,222.3967,265.68
57,84,0.0258322,0.29059,0.489168,0.30303,0.0013524,2.144161,207.7907,228.9377,282.14
57,85,0.0259898,0.303672,0.48366,0.326577,0.0013412,2.164234,215.645,232.1913,294.36
57,86,0.027782,0.291425,0.522513,0.330661,0.0013819,2.20073,224.7244,242.8388,314.38
57,87,0.0300216,0.222002,0.736909,0.320624,0.0013619,2.251825,225.5296,261.3512,324.67
59,81,0.0183936,0.257642,0.601695,0.56338,0.0010442,0.9513109,196.5027,195.178,242.48
59,82,0.016081,0.209877,0.729412,0.387097,0.0009927,0.9700375,203.5123,207.6049,239.17
59,83,0.0159541,0.23399,0.789474,0.333333,0.001061,0.9925094,203.3026,219.0171,253.61
59,84,0.0160226,0.301176,0.554688,0.323944,0.0010933,1.007491,214.78,250.8361,275.94
59,85,0.015924,0.231651,1.22772,0.241935,0.0008765,1.037453,214.2559,264.038,292.93
59,86,0.0193287,0.796262,0.13615,0.431034,0.0010477,1.011236,212.181,283.6053,300.93
59,87,0.0233327,0.227753,0.622517,0.425532,0.0011965,1.026217,210.3365,316.6645,316.57
61,81,0.0248057,0.1917,0.912371,0.39548,0.0012501,0.4981685,165.4156,176.2305,189.68
61,82,0.0225081,0.279781,0.628906,0.447205,0.0013284,0.5006105,179.4236,188.537,196.84
61,83,0.0177485,0.411523,0.546667,0.481707,0.0015338,0.5018315,187.7088,183.9184,215.3
61,84,0.0169917,0.396527,0.547445,0.4,0.001377,0.5079365,192.7581,183.7536,224.45
61,85,0.0179394,0.495924,0.454795,0.391566,0.0013649,0.5079365,202.9866,186.846,240.67
61,86,0.0215632,0.343537,0.640264,0.350515,0.0014913,0.5091575,213.4839,194.7082,251.95
61,87,0.0233677,0.398119,0.493438,0.361702,0.0014162,0.5079365,214.2203,203.8864,266.58
63,81,0.0813022,0.157454,0.270823,0.388679,0.0022306,5.177852,184.6374,267.1611,407.45
63,82,0.0785857,0.155625,0.313591,0.394604,0.0024576,5.214765,195.15,294.2581,449.77
63,83,0.0760822,0.140742,0.349671,0.417094,0.0025922,5.2651,207.2916,313.011,487.81
63,84,0.073959,0.12898,0.405121,0.465154,0.0027058,5.345638,2242.747,329.8855,526.28
63,85,0.0703023,0.142794,0.519003,0.40096,0.0023205,5.426175,235.2634,348.4926,551.96
63,86,0.0690603,0.113018,0.509539,0.424337,0.0023762,5.563758,233.9773,367.5402,593.47
63,87,0.0706599,0.133225,0.459216,0.363636,0.0023761,5.674497,238.9154,391.3081,646.85
65,81,0.054168,0.130332,0.524675,0.480198,0.0010269,1.118577,170.8154,162.6926,250.33
65,82,0.0524684,0.158604,0.566449,0.538462,0.0010153,1.126482,179.6997,167.9902,251.07
65,83,0.0458803,0.15526,0.397985,0.462025,0.0009869,1.132411,185.109,180.3248,266.48
65,84,0.0481331,0.135991,0.646575,0.580508,0.0010581,1.144269,187.1591,197.996,276.77
65,85,0.0603418,0.311758,0.140317,0.38914,0.0006569,1.156126,192.8864,203.9307,296.39
65,86,0.0636435,0.286722,0.141192,0.426606,0.00065,1.166008,203.657,208.1992,304.62
65,87,0.0658801,0.28733,0.154452,0.403922,0.0018574,1.167984,209.0579,216.4589,313.71
67,81,0.0619138,0.185028,0.288693,0.529988,0.0017366,6.002427,151.4687,161.0306,198.34
67,82,0.0623111,0.20316,0.289915,0.644493,0.0019691,6.065534,157.4552,172.3077,203.92
67,83,0.0593568,0.205525,0.294805,0.5837,0.0019844,6.126214,146.1161,187.8502,217.07
67,84,0.0518556,0.220271,0.297982,0.548794,0.0019539,6.184466,163.1402,195.9824,230.79
67,85,0.0475793,0.222561,0.276769,0.519411,0.0020049,6.28398,171.7926,199.6477,239.01
67,86,0.0573538,0.201052,0.266018,0.503153,0.0020076,6.330097,183.2302,204.6902,256.05
67,87,0.0614177,0.217215,0.248276,0.488426,0.0021775,6.427185,189.1807,230.4981,275.72
69,81,0.0151278,0.43018,0.628272,0.475,0.0010903,0.6153846,199.5898,251.9837,379.82
69,82,0.0125657,0.466488,0.747126,0.353846,0.0010106,0.6234818,209.6384,27.23264,409.52
69,83,0.0140695,0.469194,1.06061,0.252381,0.0010335,0.6315789,217.1894,282.8698,447.02
69,84,0.012961,0.492386,0.438144,0.505882,0.0010856,0.6437247,234.0249,304.7247,493.86
69,85,0.0123078,0.386301,0.929078,0.381679,0.0011128,0.6639676,245.4301,311.38,484.34
69,86,0.0166801,0.304833,0.817073,0.335821,0.0010231,0.6923077,254.9027,324.5866,521.06
69,87,0.0173158,0.283505,0.739394,0.418033,0.0010711,0.7125506,266.7794,347.6609,560.78
71,81,0.0578315,0.200021,0.304737,0.42487,0.0017899,4.616247,191.1953,226.5881,251.27
71,82,0.067442,0.179522,0.245524,0.475,0.001957,4.661065,199.2343,234.8871,257.21
71,83,0.0609887,0.162985,0.355817,0.483478,0.0019868,4.680672,208.1663,247.3914,291.41
71,84,0.0585782,0.168659,0.284676,0.468085,0.0019089,4.739496,220.9194,255.7552,305.63
71,85,0.0571815,0.219947,0.274481,0.528998,0.0019111,4.817927,224.3537,264.2565,316.65
71,86,0.0555218,0.249463,0.209983,0.44877,0.0019489,4.809524,230.3717,270.3334,342.97
71,87,0.0544061,0.243119,0.22959,0.379175,0.0020703,4.834734,240.3673,295.2301,358.95
77,81,0.0321369,0.214431,0.57346,0.421488,0.0022208,0.6460674,168.3082,162.422,236.03
77,82,0.0380832,0.213855,0.566901,0.459627,0.0021508,0.6591761,181.1702,161.0018,255.7
77,83,0.0347969,0.233279,0.727273,0.346154,0.002299,0.670412,180.2025,174.0595,273.47
77,84,0.0352097,0.278521,0.466102,0.454545,0.0023824,0.6797753,196.4373,174.5951,286.36
77,85,0.0398521,0.206371,0.681208,0.512315,0.0024011,0.6872659,210.0034,165.5396,302.58
77,86,0.0432589,0.179697,0.414035,0.584746,0.0024002,0.7059925,194.4685,186.4479,312.27
77,87,0.0441957,0.190876,0.528302,0.488095,0.0024671,0.7172285,197.6995,199.4458,360.21
79,81,0.018777,0.332237,0.60396,0.42623,0.0012353,0.6052632,126.8697,145.8886,158.23
79,82,0.0166299,0.298755,1,0.513889,0.0013801,0.6052632,129.9376,160.2564,173.32
79,83,0.0137267,0.228856,0.804348,0.486486,0.001161,0.6203008,130.5793,194.3904,178.5
79,84,0.0115195,0.357143,1.13333,0.338235,0.0013028,0.6203008,138.2212,196.1032,187.83
79,85,0.0118946,0.316327,0.919355,0.508772,0.001153,0.6203008,151.4234,204.3269,189.16
79,86,0.0112693,0.241935,1,0.488889,0.00103,0.6203008,177.2776,226.2443,200.27
79,87,0.0156759,0.411538,0.308411,0.454545,0.001025,0.6203008,171.0329,250,218.3
81,81,0.063468,0.25921,0.236498,0.526442,0.002173,4.904762,240.0835,245.0806,306.91
81,82,0.0597609,0.280019,0.24277,0.496206,0.0020898,4.932412,251.1178,259.4947,328.01
81,83,0.0524466,0.28878,0.268882,0.456929,0.002239,4.960062,259.2342,269.215,348.35
81,84,0.048507,0.281099,0.261102,0.444444,0.0022974,4.993855,277.876,285.6754,369.23
81,85,0.0527319,0.30938,0.231522,0.501219,0.0022705,5.023041,286.5485,288.9627,388.63
81,86,0.0570522,0.282828,0.229781,0.419408,0.0022685,5.064516,295.0993,275.9671,406.32
81,87,0.0604498,0.300215,0.203725,0.43102,0.0024356,5.124424,308.5762,305.1543,448.86
83,81,0.0314616,0.406452,0.443001,0.42671,0.0015685,0.7638121,161.5263,160.014,256.24
83,82,0.0315983,0.408199,0.448373,0.504732,0.0015142,0.7665746,167.8121,170.5955,274.12
83,83,0.0265988,0.455234,0.458396,0.478548,0.0015204,0.769337,172.905,181.2737,299.61
83,84,0.0268714,0.349899,0.596929,0.511254,0.001552,0.7720994,179.623,196.4713,299.92
83,85,0.0289042,0.398487,0.568038,0.417827,0.0016038,0.7734807,183.9465,175.1182,316.41
83,86,0.0265029,0.455168,0.62406,0.373494,0.0014149,0.7734807,190.4762,218.2633,357.86
83,87,0.0315752,0.456394,0.45721,0.410256,0.0013853,0.781768,200.3768,239.2233,360.27
85,81,0.0383181,0.229671,0.323917,0.44186,0.0013922,1.006656,166.0666,181.7673,213.28
85,82,0.0448326,0.207602,0.369718,0.509524,0.0013437,1.016639,170.0094,189.6424,210.47
85,83,0.0411592,0.213554,0.559041,0.491749,0.0014433,1.024958,176.2976,197.5508,253.15
85,84,0.0354902,0.232747,0.505814,0.417625,0.0013927,1.031614,174.3635,211.7389,248.49
85,85,0.0372284,0.203632,0.4862,0.393013,0.0014164,1.049917,185.1409,225.5934,282.62
85,86,0.04192,0.189701,0.461078,0.506494,0.0014127,1.064892,190.1944,241.1382,288.83
85,87,0.0490712,0.146132,0.54902,0.428571,0.0014373,1.081531,198.6254,264.6729,310.86
87,81,0.0249672,0.271804,0.35514,0.385965,0.0014799,0.845045,158.344,175.5958,384.4
87,82,0.0294296,0.253551,0.218487,0.294872,0.0014422,0.8486487,161.9902,196.3065,418.08
87,83,0.0292305,0.264685,0.36631,0.335766,0.0014274,0.8468469,169.6209,191.9587,460.51
87,84,0.0299963,0.264177,0.340314,0.376923,0.0014936,0.8576577,175.537,208.2673,509.17
87,85,0.0302089,0.284615,0.36855,0.4,0.0014999,0.863063,184.3148,212.9792,526.8
87,86,0.0235257,0.267081,0.574751,0.254335,0.0016909,0.8738739,264.0143,220.4684,556.95
87,87,0.0286781,0.215108,0.548495,0.341463,0.0016918,0.8648649,196.5065,243.4706,588.99
89,81,0.0268278,0.341525,0.391144,0.40566,0.0009298,1.614973,172.315,194.5667,296.56
89,82,0.0290652,0.26797,0.379828,0.372881,0.0010697,1.657754,178.3538,210.2823,324.89
89,83,0.0266806,0.270304,0.348624,0.447368,0.0010752,1.68984,191.7347,213.2268,349.37
89,84,0.0222881,0.340877,0.43361,0.363636,0.0012452,1.735294,202.8662,224.1036,365.93
89,85,0.0268714,0.287106,0.483034,0.392562,0.0012165,1.770054,205.4814,219.0061,395.1
89,86,0.0286617,0.229837,0.488532,0.394366,0.0012389,1.796791,208.4562,241.3029,409.99
89,87,0.0283836,0.296646,0.386926,0.415525,0.0012645,1.815508,214.217,258.3238,443.7
91,81,0.0327883,0.341398,0.456693,0.491379,0.0014543,0.6573034,159.076,182.5293,221.1
91,82,0.0339434,0.36457,0.366197,0.471154,0.0014815,0.6601124,153.6822,198.2119,237.27
91,83,0.028893,0.335821,0.368889,0.518072,0.0015525,0.6657304,152.7122,219.4016,252.89
91,84,0.0292986,0.345133,0.636752,0.348993,0.0013828,0.6685393,150.1155,218.3542,254.44
91,85,0.0265877,0.281201,0.55618,0.505051,0.0014281,0.6713483,173.5391,246.313,276.26
91,86,0.0315165,0.354111,0.404494,0.37963,0.001463,0.6769663,186.5744,251.8488,287.88
91,87,0.0384263,0.343074,0.589905,0.454545,0.0016219,0.6713483,198.0064,266.4674,316.19
93,81,0.0371141,0.332464,0.694118,0.367232,0.0013549,0.5370844,145.373,185.3568,215.19
93,82,0.031241,0.31853,0.572115,0.336134,0.0013396,0.5498721,150.9141,177.1255,221.8
93,83,0.0292154,0.327391,0.658416,0.421053,0.0013258,0.5575448,150.431,168.2692,236.13
93,84,0.0336595,0.316285,0.46383,0.40367,0.0013138,0.567775,161.57,1576.293,250.77
93,85,0.0313736,0.308782,0.513761,0.464286,0.0013776,0.5780051,157.1386,164.283,240.03
93,86,0.0384803,0.317552,0.447273,0.439024,0.0015108,0.5933504,156.4055,175.6657,273.8
93,87,0.0362222,0.338902,0.573944,0.484663,0.0014264,0.6112532,161.3771,182.0196,298.78
97,81,0.0417355,0.292683,0.428431,0.352403,0.0015449,1.458188,185.3309,182.0798,237.14
97,82,0.0427797,0.267091,0.498446,0.451143,0.0015511,1.472125,192.7346,204.5947,235.76
97,83,0.0363496,0.245003,0.552632,0.32381,0.001453,1.479094,197.0111,218.5189,272.99
97,84,0.0345321,0.335916,0.580742,0.369603,0.0015125,1.506969,206.8261,233.2407,285.77
97,85,0.035918,0.270653,0.679335,0.382867,0.0015471,1.522648,212.7055,240.7577,299.04
97,86,0.0408816,0.240819,0.633295,0.360294,0.0015243,1.54007,215.4836,254.0613,320.97
97,87,0.0334506,0.302231,0.595078,0.409774,0.0015267,1.566202,222.9622,282.9701,346.51
99,81,0.0186696,0.117886,0.655172,0.210526,0.001442,0.5356416,137.4919,186.9135,169.81
99,82,0.0198469,0.141777,1.02667,0.168831,0.0010505,0.5397149,140.0917,194.7717,166.38
99,83,0.0155948,0.0595238,1.88,0.148936,0.0014481,0.5437882,145.1379,216.4197,192.3
99,84,0.0150138,0.117647,0.8125,0.461538,0.0015087,0.5498981,149.0531,224.5509,213.98
99,85,0.0132968,0.115152,1.78947,0.323529,0.0015714,0.5498981,151.2232,223.8444,249.41
99,86,0.0185803,0.12035,0.781818,0.209302,0.0017482,0.5417515,162.3198,225.1407,237.13
99,87,0.0171865,0.153846,1.23438,0.556962,0.0018591,0.5478615,168.2692,247.6291,258.99
101,81,0.0306114,0.173853,0.906667,0.476471,0.0012205,0.9018868,163.7385,173.8672,235.84
101,82,0.0331686,0.183908,0.708333,0.437908,0.0012567,0.9119497,169.3997,187.1102,243.34
101,83,0.0284245,0.184366,0.813333,0.370492,0.0012437,0.9207547,177.4388,191.5415,258.51
101,84,0.0300807,0.182151,0.660804,0.43346,0.0012666,0.9433962,183.0125,192.7458,270.47
101,85,0.0315835,0.159032,0.682065,0.513944,0.0013649,0.9672956,197.0282,199.0399,286.11
101,86,0.0377065,0.41939,0.246575,0.423611,0.001381,0.9836478,202.9477,220.1653,306.67
101,87,0.0409403,0.149936,0.571429,0.473881,0.0014005,0.9962264,203.1547,232.1825,325.03
105,81,0.0626787,0.255328,0.437396,0.465649,0.0018435,1.436293,193.1624,207.4356,258.37
105,82,0.0579285,0.278614,0.523732,0.521875,0.0017698,1.459459,203.7084,226.6525,266.22
105,83,0.0482863,0.266919,0.476673,0.519149,0.0018039,1.482625,213.3713,216.0761,287.2
105,84,0.0354481,0.3,0.459854,0.486772,0.0018112,1.517375,220.4832,231.0493,299.2
105,85,0.0445928,0.268571,0.493617,0.49569,0.0018347,1.567568,218.4174,243.5438,327.46
105,86,0.0504341,0.294377,0.342193,0.495146,0.001751,1.598456,221.8935,254.6389,342.96
105,87,0.0514152,0.3814,0.384236,0.38141,0.0019561,1.598456,237.8523,274.8686,352.08
107,81,0.0434509,0.231735,0.328407,0.565,0.0015707,1.495025,166.0947,202.6203,284.28
107,82,0.0465892,0.225263,0.53271,0.274854,0.0015857,1.495025,172.1177,213.1263,291.68
107,83,0.0489079,0.246113,0.302419,0.475556,0.0016179,1.507463,177.3808,222.3918,315.33
107,84,0.0479757,0.233999,0.341534,0.45339,0.0016084,1.50995,185.0436,225.571,322.06
107,85,0.0451353,0.295413,0.275776,0.495495,0.0016232,1.504975,189.1611,230.0151,338.74
107,86,0.0450373,0.306499,0.26988,0.375,0.0016465,1.497512,193.6075,244.6905,341.91
107,87,0.0497552,0.212895,0.364353,0.450216,0.0016875,1.502488,202.9344,276.2629,350.63
109,81,0.0149547,0.307573,0.497487,0.414141,0.001017,1.439597,177.7162,190.5752,232.42
109,82,0.0174821,0.207843,0.471698,0.413333,0.0010741,1.45302,185.7355,194.6348,233.84
109,83,0.018975,0.234803,0.527919,0.375,0.0011082,1.463087,193.9237,213.4175,260.93
109,84,0.0193141,0.221963,0.473684,0.555556,0.0011958,1.493289,207.9002,223.0769,269.76
109,85,0.0199467,0.244344,0.518519,0.446429,0.0010831,1.533557,213.143,220.0021,283.77
109,86,0.0178687,0.34625,0.418773,0.482759,0.0011838,1.553691,218.6502,227.0792,307.22
109,87,0.0230995,0.162769,0.781609,0.411765,0.0010804,1.59396,226.4881,230.3086,320.2
111,81,0.0231378,0.321212,0.418868,0.414414,0.0008694,0.819222,159.9843,173.906,187.41
111,82,0.0207409,0.244652,0.459016,0.547619,0.0008041,0.8237987,167.041,186.1681,201.46
111,83,0.0130077,0.352321,0.532934,0.494382,0.0008233,0.8260869,172.0127,200.636,217.27
111,84,0.012742,0.382979,0.527778,0.515789,0.0008947,0.8306636,173.9816,210.2804,207.88
111,85,0.0144764,0.356725,0.568306,0.346154,0.0009594,0.8306636,176.0974,224.9428,224.77
111,86,0.0170996,0.24547,0.66443,0.363636,0.0009296,0.8283753,176.8052,239.6932,254.88
111,87,0.0183048,0.202112,0.522388,0.542857,0.0011872,0.8306636,179.5039,251.427,260.35
113,81,0.0121416,0.417671,0.201923,0.52381,0.0017067,0.410058,130.4413,223.3251,195.82
113,82,0.009353,0.546392,0.141509,0.266667,0.0014946,0.4216634,142.173,237.3672,202.66
113,83,0.0118809,0.425703,0.122642,0.307692,0.0017654,0.4313346,143.563,227.4178,217.1
113,84,0.0111992,0.532,0.225564,0.3,0.0015679,0.4410058,147.6648,227.8906,203.38
113,85,0.0115498,0.501901,0.19697,0.153846,0.001537,0.4468085,157.0513,247.881,246.44
113,86,0.0111381,0.233463,0.866667,0.346154,0.0015169,0.4468085,156.9231,259.1647,287.42
113,87,0.0142071,0.179878,0.220339,0.461538,0.001516,0.4487427,154.209,265.1301,291.1
115,81,0.0053566,0.3125,2.8,0.357143,0.0087044,0.3813747,161.8622,151.2532,331.64
115,82,0.0036596,1,1.625,0.461538,0.0128088,0.3769401,154.0301,157.4449,345.53
115,83,0.0018116,2.75,2.27273,0.24,0.0131341,0.3747228,164.8352,175.0996,403.8
115,84,0.0018815,1,3,0.583333,0.0150517,0.3813747,181.4412,169.4064,421.07
115,85,0.0047949,0.888889,1.625,0.461538,0.0165157,0.3813747,194.549,201.4652,437.69
115,86,0.0047518,1,2.55556,0.26087,0.0168955,0.3858093,211.1906,214.0009,461.34
115,87,0.0055332,1.09091,1.5,0.5,0.0090543,0.3858093,217.4908,245.2061,448.42
117,81,0.0127531,0.609091,0.651741,0.435115,0.0005024,0.5704989,160.1624,170.7996,235.78
117,82,0.0175385,0.272331,0.928,0.568966,0.0004585,0.5683297,164.8013,182.8567,250.95
117,83,0.0145596,0.319481,0.902439,0.594595,0.0006807,0.5704989,157.3213,189.6613,267.5
117,84,0.0188914,0.261477,1.08397,0.471831,0.0004902,0.5791757,167.8157,205.6767,280.25
117,85,0.0177404,0.307368,0.924658,0.42963,0.0005229,0.5791757,166.1645,204.7535,300.57
117,86,0.0228867,0.24918,0.769737,0.376068,0.0007879,0.5791757,105.1789,218.1004,313.37
117,87,0.0268723,0.370474,0.793233,0.236967,0.0011976,0.5813449,167.0511,229.0151,327.29
119,81,0.0816495,0.172961,0.218018,0.374204,0.0018753,7.814394,271.7476,260.9232,331.79
119,82,0.0890352,0.175904,0.223615,0.365398,0.0018468,7.952652,285.0981,274.1018,365.68
119,83,0.0854819,0.17228,0.271984,0.301683,0.0021472,8.045455,297.7676,282.7672,382.64
119,84,0.0868929,0.164384,0.288297,0.45268,0.0018195,8.210227,310.8814,304.6476,406.59
119,85,0.0874663,0.151541,0.320506,0.505138,0.0018105,8.395833,328.2206,314.8165,430.09
119,86,0.0913066,0.156771,0.351752,0.488779,0.0018644,8.579545,335.0452,327.4566,461.43
119,87,0.0989659,0.149094,0.3478,0.486183,0.0022313,8.827652,354.6761,354.3007,494.3
123,81,0.0374067,0.430933,0.276712,0.356436,0.0015457,0.4632653,158.8934,182.9648,204.43
123,82,0.0354991,0.467405,0.265789,0.376238,0.0014846,0.4653061,165.1009,183.7086,209.76
123,83,0.0333204,0.400778,0.355987,0.436364,0.0016855,0.4755102,178.6344,247.9105,238.02
123,84,0.0302041,0.455192,0.259375,0.445783,0.0015897,0.4836735,187.6665,215.5172,245.14
123,85,0.0321128,0.431193,0.24924,0.426829,0.0017677,0.4857143,187.3375,232.0955,258.3
123,86,0.0338801,0.390212,0.498305,0.278912,0.0018374,0.4857143,191.022,243.8685,262.75
123,87,0.0300184,0.48743,0.226361,0.443038,0.0017609,0.4938776,193.0723,242.4605,277.34
125,81,0.0330362,0.311899,0.649326,0.350148,0.0017074,0.7303852,157.9434,195.3464,215.11
125,82,0.0295613,0.290837,0.518265,0.330396,0.001747,0.7389444,158.8285,224.8849,222.18
125,83,0.0264993,0.329912,0.522222,0.391489,0.0018068,0.7546362,167.4695,236.713,245.7
125,84,0.0240551,0.298289,0.521858,0.460733,0.0019409,0.7717546,169.1162,254.6597,251.42
125,85,0.0230652,0.350532,0.448598,0.421875,0.001889,0.7831669,172.8721,286.1283,269.41
125,86,0.0237337,0.288854,0.747283,0.352727,0.0019188,0.8002853,188.5179,301.2409,280.2
125,87,0.0266287,0.269043,0.438961,0.39645,0.0020097,0.8202568,199.5847,320.1325,277.68
127,81,0.0495042,0.582504,0.125842,0.522634,0.0007317,1.257407,193.1002,212.9582,219.9
127,82,0.050565,0.454035,0.173828,0.569288,0.0007473,1.268519,200.2992,235.006,243.61
127,83,0.0439535,0.437832,0.189066,0.554217,0.0007306,1.283333,215.311,237.4531,263.15
127,84,0.0448501,0.384416,0.222876,0.569811,0.0007105,1.298148,245.9039,248.0547,275.09
127,85,0.0258142,0.15545,1.68902,0.418773,0.0012234,1.312963,252.2031,258.6901,298.96
127,86,0.0259867,0.205056,1.29224,0.388693,0.0013139,1.318519,254.8185,271.824,312.23
127,87,0.0291496,0.179616,1.35814,0.335616,0.0015829,1.338889,257.6008,305.7612,329.87
129,81,0.0839218,0.216807,0.386555,0.423913,0.0020641,5.702703,177.72,206.7997,322.79
129,82,0.0777385,0.236874,0.435095,0.403302,0.0020313,5.816216,182.0284,224.5295,348.79
129,83,0.0634987,0.250626,0.412456,0.522792,0.0021786,5.881081,190.9223,231.2345,377.81
129,84,0.0661003,0.223792,0.336634,0.411765,0.0023617,5.967567,198.6906,245.1966,378.76
129,85,0.070914,0.224474,0.395055,0.452693,0.0024624,6.07027,209.2001,255.3557,397.71
129,86,0.0763696,0.233699,0.387992,0.435631,0.0026114,6.194594,218.6258,252.7572,456.88
129,87,0.0834982,0.236601,0.393413,0.415158,0.0025585,6.286487,220.453,292.7027,464.49
131,81,0.0218448,0.542373,0.347656,0.449438,0.0012496,0.4126394,162.3558,150.7114,196.41
131,82,0.0202951,0.498824,0.54717,0.362069,0.0008596,0.4126394,170.6693,147.4752,209.47
131,83,0.0155024,0.503049,0.49697,0.585366,0.0008507,0.4126394,173.8375,160.6621,231.07
131,84,0.0137993,0.587629,0.619883,0.311321,0.0008062,0.4144982,185.109,166.0839,218.68
131,85,0.0144598,0.777778,0.423645,0.476744,0.0009972,0.4163569,193.7757,174.4647,233.67
131,86,0.0155081,0.641844,0.530387,0.427083,0.0007699,0.4182156,199.144,172.3874,255.15
131,87,0.0189848,0.689024,0.495575,0.401786,0.0012155,0.4126394,220.9747,172.6281,278.7
133,81,0.041821,0.229851,0.350638,0.319481,0.0012256,1.491481,159.6113,174.007,206.19
133,82,0.0405609,0.234742,0.294545,0.407407,0.0011945,1.503277,159.7858,182.7358,207.24
133,83,0.0393081,0.213348,0.370256,0.376731,0.0012042,1.55308,204.7034,196.3065,234.02
133,84,0.0381837,0.224901,0.340156,0.366762,0.0012304,1.57405,182.3835,191.1993,229.11
133,85,0.0517775,0.239668,0.241749,0.334471,0.001546,1.608126,181.2296,197.7114,241.89
133,86,0.0535404,0.244457,0.253049,0.370482,0.0015263,1.63827,182.7094,211.2744,250.74
133,87,0.0551287,0.26696,0.271947,0.334951,0.0015446,1.650066,183.2609,230.6581,258.25
135,81,0.0570824,0.134516,0.409015,0.383673,0.002192,1.9375,138.5328,211.8692,283.74
135,82,0.0540804,0.137099,0.420513,0.361789,0.0017997,1.955,146.3518,226.9759,315.44
135,83,0.0516532,0.128946,0.39548,0.347619,0.0022578,1.985,153.0453,245.3266,334.58
135,84,0.0524006,0.109684,0.336226,0.56129,0.0023563,2.015,154.5407,259.2306,357.21
135,85,0.0517818,0.106241,0.441704,0.385787,0.0023066,2.065,162.2506,272.4596,372.98
135,86,0.0554268,0.0906305,0.495169,0.360976,0.0023539,2.1175,209.4523,284.7898,392.78
135,87,0.0628972,0.09277,0.477733,0.385593,0.0023387,2.1575,179.1289,292.2253,388.75
137,81,0.0127292,0.253731,0.735294,0.48,0.00057,0.3049853,120.9745,186.7065,127.08
137,82,0.0204753,0.233945,0.490196,0.28,0.0006575,0.3108504,124.0695,200.3205,127.1
137,83,0.017568,0.111732,2.05,0.390244,0.0005889,0.3108504,132.626,223.6136,125.39
137,84,0.0106549,0.201835,1.13636,0.44,0.0005865,0.3167155,145.1379,213.6752,134.89
137,85,0.0108666,0.271186,0.59375,0.421053,0.0005525,0.3225806,150.8925,265.9575,145.9
137,86,0.0124818,0.277372,1.21053,0.304348,0.0006378,0.3196481,153.4703,263.1579,154.95
137,87,0.0126662,0.207143,1.06897,0.322581,0.0008143,0.3167155,170.8711,250.8361,192.96
139,81,0.0278244,0.628767,0.318083,0.40411,0.001639,1.25,164.6542,184.4903,197.79
139,82,0.027246,0.526971,0.354331,0.488889,0.0015828,1.25,170.6912,201.7094,201.38
139,83,0.0270391,0.524138,0.3,0.394737,0.0016037,1.254386,176.6807,214.7766,219.82
139,84,0.0295938,0.529885,0.277657,0.367188,0.0014287,1.276316,190.5644,216.0419,221.01
139,85,0.0362156,0.408571,0.354312,0.493421,0.0013107,1.289474,192.8651,227.3517,236.4
139,86,0.029023,0.420188,0.365922,0.458015,0.0011582,1.311404,198.5616,229.8605,243.6
139,87,0.024347,0.522696,0.289474,0.345455,0.0016745,1.333333,201.3569,260.5459,264.25
141,81,0.0287834,0.233025,0.251656,0.421053,0.0010216,0.2582857,173.8842,145.496,170.23
141,82,0.0267457,0.223317,0.617647,0.333333,0.0009662,0.2628571,180.5571,155.4002,178.69
141,83,0.0907109,0.298077,1.09677,0.470588,0.0109028,0.2662857,185.4744,144.6975,192.62
141,84,0.0847914,0.380952,2.20833,0.509434,0.0309556,0.272,188.799,182.31,104.56
141,85,0.0609911,0.208333,12.2,0.270492,0.0355781,0.2788571,185.8188,196.0161,212.23
141,86,0.163835,0.118519,3.375,0.37037,0.0291262,0.288,182.646,194.2023,242.25
141,87,0.031461,0.238636,0.412698,0.487179,0.0012711,0.3005714,179.705,196.1453,255.56
143,81,0.0240664,0.581897,0.192593,0.423077,0.0009336,0.3902439,166.7408,104.8951,159.88
143,82,0.0165128,0.490683,0.481013,0.605263,0.0007179,0.3902439,162.6772,101.2146,161.92
143,83,0.0220282,0.474654,0.15534,0.3125,0.0009136,0.394309,164.4737,104.8951,174.71
143,84,0.0230636,0.429204,0.216495,0.619048,0.0009185,0.402439,169.4915,104.8951,170.88
143,85,0.0174132,0.468208,0.37037,0.4,0.0009059,0.4186992,174.216,123.5004,172.75
143,86,0.0211692,0.247706,0.518519,0.678571,0.000874,0.4268293,178.2985,120.1923,146.53
143,87,0.0265806,0.317857,0.314607,0.25,0.0008544,0.4349594,178.3723,133.0431,157.41
145,81,0.028504,0.210651,0.578652,0.349515,0.0012481,0.7361809,152.5387,166.9899,242.69
145,82,0.0373545,0.333929,0.395722,0.506757,0.0013007,0.7462311,162.436,188.0695,265.55
145,83,0.0275623,0.389222,0.510769,0.319277,0.0013203,0.7487437,171.0046,185.3568,277.57
145,84,0.0232703,0.411017,0.350515,0.519608,0.0013147,0.7562814,183.843,195.9467,283.68
145,85,0.0271005,0.381885,0.423077,0.484848,0.00136,0.7613065,186.144,201.2839,303.67
145,86,0.0257495,0.370988,0.301038,0.563218,0.0013552,0.7688442,199.1064,210.2149,310.34
145,87,0.0299856,0.354733,0.340491,0.594595,0.0013704,0.7788945,200.7432,219.6343,334.65
147,81,0.0515935,0.186197,0.397229,0.453488,0.0016307,1.39726,163.7208,234.4143,260.03
147,82,0.0585298,0.212658,0.406554,0.379085,0.0017198,1.415525,173.8375,234.171,271.38
147,83,0.05091,0.206387,0.48702,0.415778,0.0019203,1.432268,179.5487,241.1069,301.64
147,84,0.0508713,0.200426,0.474522,0.469799,0.0020781,1.444444,185.481,248.7798,322.27
147,85,0.0525701,0.191107,0.423693,0.508816,0.0021873,1.459665,199.1874,255.2561,345.29
147,86,0.0490622,0.228821,0.448372,0.539419,0.0022453,1.482496,201.3627,245.7497,366.82
147,87,0.0551686,0.221542,0.426778,0.443137,0.0021887,1.515982,205.4827,274.6765,390.01
149,81,0.0209532,0.0588235,14.3333,0.534884,0.0073952,0.5714286,137.0364,145.9186,202.9
149,82,0.0185088,0.178862,0.681818,0.6,0.0016553,0.592437,145.6877,157.981,211.75
149,83,0.0160101,0.32093,0.826087,0.245614,0.0016382,0.592437,145.7589,165.4873,236.72
149,84,0.0137135,0.184211,1.14286,0.5,0.0011548,0.605042,175.6657,177.2776,240.5
149,85,0.0136124,0.248555,0.651163,0.392857,0.0015737,0.605042,171.455,186.9123,261.07
149,86,0.0117459,0.242604,1.65854,0.176471,0.0013205,0.6092437,182.5437,204.2694,261.97
149,87,0.0164987,0.271967,1.01538,0.227273,0.0015187,0.6092437,188.7683,210.4415,289.43
151,81,0.0241835,0.260579,0.495726,0.403448,0.000991,1.173638,169.7852,208.1289,228.12
151,82,0.0248051,0.261915,0.35082,0.331776,0.0008414,1.186312,178.6001,222.1262,226.81
151,83,0.0208599,0.250632,0.491935,0.479508,0.0010962,1.200253,179.927,234.084,246.62
151,84,0.0215881,0.237518,0.387755,0.421053,0.001172,1.219265,194.1227,244.3253,256.7
151,85,0.0255308,0.250408,0.491028,0.481728,0.0012724,1.234474,200.0629,251.727,271.33
151,86,0.0279068,0.224068,0.406919,0.396761,0.0012671,1.254753,211.8005,265.0635,284.59
151,87,0.0264557,0.299198,0.360153,0.340426,0.0013243,1.273764,218.7198,278.1124,294.37
153,81,0.0372807,0.276843,0.561845,0.436567,0.0012766,0.9538784,155.9667,175.4844,245.89
153,82,0.031383,0.410361,0.498339,0.443333,0.0012622,0.9433962,160.0659,22.64108,236.65
153,83,0.0315881,0.350536,0.437859,0.471616,0.0012703,0.9475891,166.623,203.1717,289.38
153,84,0.0301159,0.336462,0.656652,0.496732,0.0014134,0.9538784,174.2252,207.9752,291.32
153,85,0.0282947,0.319907,0.670702,0.436823,0.0013588,0.9685535,179.3445,224.6247,303.36
153,86,0.0266522,0.329268,0.730864,0.435811,0.0014084,0.9685535,188.5848,232.2105,308.54
153,87,0.0317563,0.345368,0.52071,0.458333,0.0013845,0.9622641,192.8994,237.159,301.29
155,81,0.0441616,0.275405,0.55102,0.414815,0.0012708,1.083246,173.0732,192.1808,196.58
155,82,0.0358587,0.304955,0.645422,0.458971,0.0013154,1.092729,181.8089,213.8166,209.28
155,83,0.0283191,0.349571,0.696762,0.426761,0.0013892,1.102213,178.2627,219.7448,233.38
155,84,0.0284567,0.390252,0.562445,0.430124,0.0014839,1.111696,180.2568,233.4158,239.86
155,85,0.0311808,0.413175,0.548126,0.403485,0.0014767,1.118019,186.3991,243.4125,246.62
155,86,0.0316701,0.444378,0.528112,0.352345,0.0014507,1.118019,193.3031,250.2558,262.6
155,87,0.0312279,0.4082,0.559823,0.386544,0.0014592,1.12961,200.2213,262.9849,278.82
157,81,0.0360251,0.26057,0.389937,0.506452,0.0018656,1.481547,157.9952,181.9221,286.35
157,82,0.031602,0.352789,0.420942,0.527363,0.0018212,1.485062,172.0153,192.5265,302.53
157,83,0.0314258,0.282721,0.544863,0.513126,0.0018139,1.492091,175.1782,200.246,333.24
157,84,0.0266499,0.315401,0.537827,0.478261,0.0018961,1.497364,177.729,213.3673,340.29
157,85,0.0274601,0.307824,0.670833,0.501035,0.0019489,1.502636,185.7407,216.4917,348.45
157,86,0.0256915,0.296077,0.613251,0.459799,0.0019573,1.502636,188.9535,232.2557,377.89
157,87,0.0305908,0.278287,0.443681,0.377709,0.0019178,1.509666,192.4181,245.7938,418.48
159,81,0.035173,0.280326,0.359526,0.547904,0.0016769,1.932563,188.6161,209.5462,265.52
159,82,0.0292244,0.34219,0.374607,0.537815,0.0016685,1.94605,217.3103,125.8476,282.45
159,83,0.0287771,0.263082,0.429355,0.527157,0.001672,1.953757,214.4736,229.2112,309.09
159,84,0.0287943,0.251169,0.362464,0.561265,0.0015128,1.957611,229.1669,237.1048,325.67
159,85,0.031777,0.230261,0.548644,0.465116,0.0018555,1.996146,237.919,237.5672,329.28
159,86,0.0308711,0.233853,0.560317,0.498584,0.0017418,2.013488,242.696,247.7154,355.22
159,87,0.036233,0.24359,0.49294,0.476563,0.0015862,2.019268,260.271,265.4315,374.41
161,81,0.0222742,0.350703,0.400943,0.482353,0.0013818,0.9630282,163.0195,191.7503,237.73
161,82,0.0207294,0.301406,0.419825,0.631944,0.0013479,0.9806338,168.7281,204.4431,242.4
161,83,0.0196418,0.298039,0.536184,0.607362,0.001348,0.9788733,177.8762,216.0883,269.98
161,84,0.0171226,0.391257,0.592179,0.433962,0.0013661,0.9947183,187.6954,216.839,283.45
161,85,0.0198354,0.331541,0.57027,0.454976,0.0012619,1.003521,191.6003,218.5552,290.25
161,86,0.0218999,0.287089,0.530726,0.421053,0.0011767,1.001761,199.6512,223.3877,307.9
161,87,0.020007,0.482425,0.508197,0.451613,0.0012482,1.005282,201.5675,251.4202,334.92
163,81,0.0248116,0.23431,0.767857,0.44186,0.0013496,0.5269271,170.2091,205.6533,218.18
163,82,0.0224186,0.244691,0.769811,0.441176,0.0012834,0.5279831,174.0937,209.2876,235.7
163,83,0.0215107,0.322857,1.13569,0.218182,0.0013111,0.5279831,179.3618,210.1622,243.37
163,84,0.0191925,0.327568,0.435644,0.462121,0.0013487,0.532207,186.0599,220.5882,246.81
163,85,0.0203012,0.311828,0.53605,0.391813,0.0012899,0.532207,186.5941,229.8568,257.05
163,86,0.0172874,0.326365,0.501779,0.397163,0.0013051,0.531151,188.6067,242.6389,373.56
163,87,0.0215728,0.310987,0.401198,0.455224,0.0013659,0.5353749,196.5514,238.63,295.07
165,81,0.0477432,0.359558,0.410488,0.365639,0.0017694,1.025078,172.4472,201.4652,262.93
165,82,0.0425763,0.394625,0.47491,0.464151,0.0017163,1.037618,176.8006,210.6039,280.06
165,83,0.0421413,0.403307,0.54902,0.415584,0.0016057,1.043887,183.34,223.5288,312.58
165,84,0.0408157,0.303611,0.57767,0.52521,0.0017144,1.056426,189.8125,239.937,322.29
165,85,0.0440056,0.338144,0.428862,0.440758,0.0016937,1.053292,187.1451,251.5067,340.18
165,86,0.0391644,0.406056,0.466539,0.504098,0.0015508,1.056426,205.0861,257.0631,357.37
165,87,0.0508341,0.340679,0.468531,0.432836,0.0015138,1.07837,203.0162,267.6852,374.25
167,81,0.0294232,0.403047,0.293814,0.438596,0.0015282,1.227273,171.2007,205.1628,230.29
167,82,0.0260284,0.395511,0.358121,0.377049,0.0014505,1.229798,175.0327,215.9605,245.74
167,83,0.0183428,0.38913,0.421788,0.377483,0.0014953,1.237374,195.4652,221.5062,267.67
167,84,0.0181909,0.46086,0.334928,0.378571,0.0015243,1.260101,209.706,230.3305,280.72
167,85,0.021896,0.420569,0.347162,0.427673,0.0015482,1.267677,215.9003,235.0176,304.5
167,86,0.0213432,0.413632,0.340858,0.417219,0.001654,1.270202,220.6414,241.8496,323.84
167,87,0.0238285,0.36227,0.322581,0.371429,0.0015514,1.275253,221.0995,253.0096,351.09
169,81,0.0145053,0.295688,1.29167,0.241935,0.0008042,0.7455752,153.7301,170.068,221.73
169,82,0.0165503,0.224199,0.666667,0.5,0.0007657,0.7588496,163.9833,1.843794,232.45
169,83,0.0125903,0.238426,1,0.514563,0.0009035,0.761062,169.7693,176.4849,228.4
169,84,0.010994,0.361039,0.546763,0.421053,0.000771,0.7721239,177.5611,187.756,252.31
169,85,0.0092151,0.377709,0.819672,0.42,0.0007703,0.7831858,184.4418,193.9703,280.56
169,86,0.0118263,0.215311,1.04444,0.478723,0.0010185,0.7876106,188.0103,212.5233,308.69
169,87,0.0121033,0.343387,0.722973,0.448598,0.0010952,0.800885,190.5555,206.6858,306.42
171,81,0.0189838,0.153444,1.10795,0.517949,0.0013737,1.109462,171.0741,195.906,215.62
171,82,0.0209131,0.151017,1.04145,0.452736,0.0013909,1.109462,182.9039,212.348,215.48
171,83,0.023208,0.143754,1.28641,0.513208,0.0013766,1.111317,188.1572,217.5264,239.64
171,84,0.0213532,0.128736,1.22619,0.533981,0.0014235,1.124304,200.2572,222.7678,254.39
171,85,0.0235205,0.109944,1.47134,0.536797,0.0014,1.12987,210.1768,232.7767,257.61
171,86,0.0209747,0.166014,1.07075,0.563877,0.0013797,1.141002,216.7776,244.8454,278.19
171,87,0.0243954,0.175649,0.909091,0.458333,0.0015744,1.152134,224.7224,253.6207,288.32
173,81,0.0134337,0.151515,2,0.35,0.0054956,0.1977186,151.8219,162.3758,172.68
173,82,0.0122786,0.163934,2.3,0.478261,0.0056361,0.1996198,151.6405,170.2335,167.02
173,83,0.0163379,0.54878,0.222222,0.2,0.0055788,0.2015209,145.5957,176.5325,178.29
173,84,0.010373,0.403846,0.571429,0.25,0.0051865,0.2034221,162.4346,185.9278,176.75
173,85,0.0047703,0.289474,0.636364,0.571429,0.0035149,0.2034221,161.9242,186.2078,193.28
173,86,0.0090203,0.25,1.27778,0.26087,0.0027562,0.2034221,171.4508,204.4412,192.71
173,87,0.0139937,0.530435,0.327869,0.15,0.0031638,0.2034221,175.1604,204.3792,193.01
175,81,0.0175623,0.306954,0.390625,0.44,0.0015162,0.6322751,139.646,181.1893,437.03
175,82,0.0164474,0.372152,0.44898,0.424242,0.0015406,0.6402116,149.7831,188.9954,468.59
175,83,0.0170197,0.326877,0.377778,0.431373,0.001566,0.6481482,152.4487,196.0059,519.36
175,84,0.0242597,0.161765,1.13636,0.52,0.0066001,0.6587301,147.2561,201.4324,543.57
175,85,0.0189785,0.308668,0.363014,0.415094,0.0016049,0.6772487,153.1654,219.106,576.33
175,86,0.0171221,0.267123,0.683761,0.35,0.0016809,0.6851852,156.9334,262.3015,597.46
175,87,0.0164932,0.350348,0.410596,0.387097,0.0016455,0.6878307,172.6453,257.8734,627.02
179,81,0.028366,0.444444,0.352113,0.416667,0.0014945,1.13302,195.0484,205.145,237.38
179,82,0.0258779,0.354248,0.534483,0.404692,0.0014512,1.15493,199.381,214.3636,255.5
179,83,0.0246299,0.253464,0.498861,0.410959,0.0015358,1.173709,198.8109,224.0043,276.09
179,84,0.0256946,0.304604,0.456942,0.446154,0.0015131,1.198748,206.7023,249.8396,294.87
179,85,0.0277412,0.354207,0.383978,0.352518,0.0014929,1.223787,220.4755,240.9706,311.82
179,86,0.0314961,0.333754,0.361917,0.400697,0.0015509,1.248826,239.9916,267.6267,327.23
179,87,0.031872,0.377543,0.328664,0.42623,0.0014782,1.28169,241.0034,270.4866,349.63
181,81,0.0563677,0.220038,0.3878,0.5,0.0015673,1.485944,206.0082,171.9226,234.88
181,82,0.0617686,0.178201,0.371359,0.509804,0.0014961,1.497992,217.1138,184.8002,242.83
181,83,0.0605235,0.169506,0.474227,0.494565,0.0016658,1.51004,227.3073,190.4827,260.15
181,84,0.0534929,0.222712,0.446154,0.448276,0.0016234,1.518072,245.3521,212.1544,256.44
181,85,0.0470632,0.206877,0.482289,0.446328,0.0016183,1.538153,255.1234,205.0495,262.5
181,86,0.0626827,0.177352,0.481221,0.434146,0.0015919,1.554217,261.0195,194.1276,283.88
181,87,0.0729479,0.18259,0.343023,0.548023,0.0017295,1.570281,279.2273,213.5822,290.69
183,81,0.0601894,0.178908,0.295956,0.434783,0.0018376,3.617096,230.1352,214.2128,292.55
183,82,0.0583432,0.199297,0.279832,0.434434,0.0018891,3.689696,246.351,228.9609,316.04
183,83,0.0512834,0.195475,0.318971,0.469758,0.0019372,3.80445,260.8919,254.2558,351.78
183,84,0.0472032,0.206969,0.330038,0.429952,0.0020187,3.961358,268.7566,256.5124,375.09
183,85,0.0480699,0.188473,0.383159,0.360307,0.0020255,4.147541,281.1547,278.8949,407.7
183,86,0.0530244,0.206792,0.340046,0.360668,0.0020384,4.285714,300.2766,303.669,425.58
183,87,0.0568423,0.204216,0.381908,0.367347,0.0021275,4.388759,306.0835,348.2754,444.45
185,81,0.0107527,0.7,6.28571,0.340909,0.011828,0.3793911,137.6606,166.0839,186.96
185,82,0.0148936,1.07143,3.06667,0.347826,0.012766,0.3770492,146.0565,166.5002,183.31
185,83,0.0105374,1.2,3.33333,0.475,0.0126449,0.3793911,141.8969,189.8579,209.47
185,84,0.0151844,1.21429,4.11765,0.271429,0.0119306,0.3840749,165.8433,184.1244,207.52
185,85,0.0078125,0.25,37,0.459459,0.0136719,0.3840749,155.3254,190.4037,221.28
185,86,0.0045815,0.295775,2.28571,0.458333,0.0009034,0.3864169,162.9126,200.7006,233.59
185,87,0.0108703,0.195266,2.12121,0.442857,0.0012221,0.3887588,167.3726,2177.068,247.72
187,81,0.0338507,0.26556,0.539063,0.333333,0.0011939,0.4427711,162.057,143.5132,191.72
187,82,0.0312457,0.264444,1,0.294118,0.001111,0.439759,167.9307,149.4619,194.65
187,83,0.0221291,0.273292,1.04545,0.326087,0.0010996,0.439759,168.233,164.283,234.6
187,84,0.024611,0.270115,0.521277,0.591837,0.0011315,0.436747,169.0932,179.3543,215.3
187,85,0.0254524,0.263006,1.43956,0.290076,0.0012506,0.439759,158.4284,191.3008,215.4
187,86,0.0239377,0.352584,0.568966,0.409091,0.0008731,0.436747,174.8252,186.3775,260.93
187,87,0.0345231,0.332669,0.443114,0.432432,0.0011691,0.4427711,170.5293,183.1502,297.14
189,81,0.0314674,0.181639,0.304348,0.285714,0.0021745,1.038217,137.411,171.5151,205
189,82,0.0316963,0.195736,0.70297,0.183099,0.0016585,1.057325,142.7529,184.2949,203.42
189,83,0.0269621,0.249154,0.461538,0.470588,0.0020366,1.066879,155.2467,201.5231,221.84
189,84,0.0245914,0.254177,0.389671,0.433735,0.0021129,1.082803,166.2673,212.083,245.4
189,85,0.0271844,0.153261,0.390071,0.4,0.0019502,1.089172,165.819,218.1758,251.01
189,86,0.0287322,0.150769,0.272109,0.375,0.0019744,1.098726,167.9884,232.8624,295.23
189,87,0.031313,0.161381,0.300578,0.288462,0.0022784,1.101911,180.9359,253.2281,304.72
191,81,0.0371162,0.270559,0.333333,0.516717,0.0011395,1.761733,178.7849,187.213,224.97
191,82,0.0404994,0.278192,0.33125,0.45283,0.0011468,1.763538,186.5586,199.0649,234.06
191,83,0.036537,0.221948,0.411619,0.426426,0.001243,1.768953,188.622,211.9695,262.82
191,84,0.0330351,0.259823,0.37163,0.394322,0.0011974,1.779783,200.9794,216.3792,281.18
191,85,0.0345692,0.253968,0.391509,0.475904,0.0012113,1.783394,213.2225,212.8885,276.29
191,86,0.0345793,0.210354,0.298444,0.383886,0.0011934,1.758123,226.2178,219.3573,286.76
191,87,0.0458895,0.172257,0.45,0.421053,0.0012273,1.772563,230.9888,238.4958,295.26
193,81,0.0192107,0.390009,0.426966,0.573684,0.000926,0.7859043,206.0276,208.0373,210.31
193,82,0.0240456,0.330775,0.468354,0.563063,0.0009732,0.7912234,16.87376,203.5503,222.12
193,83,0.0220034,0.350189,0.331897,0.448052,0.0009964,0.7965425,226.0903,230.9871,242.12
193,84,0.0171735,0.342967,0.640449,0.442982,0.0009761,0.8045213,237.3293,259.6269,254.5
193,85,0.0180945,0.356682,0.576227,0.38565,0.0010006,0.8085107,256.9071,279.1209,263.98
193,86,0.0194505,0.341006,0.485,0.407216,0.0012105,0.8071808,261.3926,280.3852,278.78
193,87,0.0235277,0.266055,0.588859,0.423423,0.0011789,0.8138298,268.3836,295.9352,295.63
195,81,0.0631212,0.223671,0.29148,0.45,0.0017569,1.695187,192.8789,243.7925,290.6
195,82,0.0588861,0.276907,0.242802,0.494071,0.001784,1.705882,201.3809,252.5526,302.15
195,83,0.0573422,0.231103,0.310668,0.449057,0.0017866,1.719251,203.3134,262.7839,328.69
195,84,0.0551157,0.156901,0.337522,0.494681,0.0019252,1.727273,212.6847,269.8379,354
195,85,0.0236432,0.24697,1.56442,0.478431,0.0042988,1.721925,216.4476,278.1635,362.04
195,86,0.030095,0.208738,1.44186,0.475806,0.0043097,1.727273,224.5291,292.782,381.86
195,87,0.0313973,0.201397,1.67052,0.470588,0.0044592,1.745989,246.0614,296.8684,392.27
197,81,0.0178621,0.158915,1.06098,0.356322,0.0008308,0.8571429,151.3533,156.9114,230.08
197,82,0.0180711,0.229167,0.545455,0.363636,0.0009241,0.8660714,151.1742,171.5078,238.94
197,83,0.0155747,0.226667,0.480392,0.428571,0.0010729,0.8690476,154.321,196.4637,256.19
197,84,0.0136619,0.204188,1.41026,0.372727,0.0011087,0.8720238,170.5955,192.6782,268.59
197,85,0.0130857,0.180556,0.830769,0.333333,0.0010541,0.875,171.6738,207.2574,279.17
197,86,0.012874,0.112676,2.25,0.244444,0.0010879,0.8809524,180.0927,215.2698,306.09
197,87,0.0141928,0.207595,1.18293,0.360825,0.0011857,0.889881,182.802,212.8205,322.92
